26.3	63.9	-65.9	59.7	Merchant Cellar to High Mountain Valley
12.4	2.3	12.2	2.4	Four Towers Entrance
12.1	2.3	12.4	2.1	Four Towers Exit
36.7	29.1	29.9	26.3	Bandit Camp to Glenden Wood
-8.1	74.5	-39.7	-54.1	Portal to East Direlands Swamps
-65.2	60.4	-5.6	40	Portal to Desert Ridge Border
-66.1	60.1	-61.9	82.5	High Mountain Valley to Mayoi
42.4	60.5	65	49.3	Portal to Bandit Castle
57.5	37.7	22.1	36.5	Colier to Holtburg
59.7	-4	32.8	34.7	Portal to Hilltop
52.1	3	25.3	47.7	Northern Pass to Cragstone
68.9	-21.4	22.6	37.2	Stonehold to Homeland
22.3	51.9	25.3	50	Isle of Tears to Cragstone
-21.6	-74.5	-24	-57.8	Walled Fort to Accursed Halls
-24.1	-57.7	-21.5	-74.6	Accursed Halls to Walled Fort
-62.6	-50.2	-27.9	68.4	Wai Jhou to Sho Roadside
-62.2	77.1	-84.3	-34.7	Portal to South Direlands
68.6	-23.2	71.6	-29.8	Portal to A Bit More Westward
-83.5	47.1	-27.9	68.4	Kara to Sho Roadside
20.9	25.9	24.3	-53.8	Portal to the North Direlands
64.9	49.4	42.3	60.5	Portal to Eotensfang
35	56	41	56	Arwic to Mountain Shortcut
40.9	55.8	33.3	57.1	Mountain Shortcut to Arwic
-83.6	-34.7	-62.7	81.5	South Direlands to Mayoi
54.4	-4.1	-62.7	81.5	Hidden Valley to Mayoi
54.3	-4.2	-5.6	40	Hidden Valley to Desert Ridge Border
54.2	-4.1	41.6	33.7	Hidden Valley to Holtburg
-61.9	40	-65.2	60.3	Ancient Town to High Mountain Valley
-61.8	40	22.6	37.2	Ancient Town to Heartland
-82.6	-45.6	14.3	1.3	South Direlands to Zaikhal
-31.4	37	22.6	37.2	Desert Archmage to the Heartland
23.5	-7.7	-38.6	82.1	Wilderness Fort to Hebian-To
23.5	-7.7	14.3	1.3	Wilderness Fort to Zaikhal
44.4	-43.5	45.3	-44.3	Portal to Plateau Base
45.3	-44.2	44.4	-43.5	Portal to Plateau Top
64.9	13.6	-27.9	68.4	Portal to Sho Roadside
64.8	13.5	32.8	34.7	Crater to Hilltop
25.3	49.9	22.5	51.9	Cragstone to Isle of Tears
-11.3	37.5	-2.3	63.3	Portal to Riverbend
-11.4	37.5	-4.7	-3.1	Portal to North Desert Edge
-11.2	37.4	-5.6	40	Portal to Desert Ridge Border
61.6	-10.2	-4.7	-3.1	Portal to North Desert Edge
61.4	-10.2	24.4	-53.8	Portal to the North Direlands
-62.2	-50.5	-62.4	-52.3	Black Hill Portal
-62.1	-50.4	-62	-50	Small Hill Base Portal
-71	52.3	-21.9	-2.2	High Mountain Valley to Yaraq
-61.9	40.2	32.8	34.7	Ancient Town to Hilltop
19.6	-3.2	-4.7	-3.1	Gharu'ndim Outpost to North Desert Edge
61.7	48.6	-72.5	81.3	Portal to Vesayen Isles
-72.3	82.1	18.5	65.8	Portal to Eastham Beach
-72.2	90.7	17.6	19.6	Desert Northern Edge Portal
72.1	-35.6	-88.3	-64.5	Direland Midlands Portal
84.1	47.2	5.5	-87.5	Aerlinthe to Northwest Direlands
-18.7	6.8	56.8	12.9	Southern Mount Esper Portal
28.8	6.7	55.9	-52.2	Portal to Rivermouth
-45.9	90.8	93.5	7.7	Portal to Northern Point
79.9	-15.2	5.5	-87.5	Portal to the Northwest Direlands
-74.1	-52.4	-49.2	-63.5	South Rim to Direlands Valley
-74.1	-52.4	5.8	-91	South Rim to Direlands NW Shore
1.7	-71.5	32.8	34.7	Portal to Hilltop
3.9	-72.5	4	-73.7	Portal to Lighthouse
-80.6	-37.5	-0.4	-80.1	Portal to Slaughterhouse
-63.2	-56.7	-83.3	-19.2	Portal to Direlands South Landbridge
-60	-59.7	-70.9	-36.3	Portal to Direlands Southeast Shore
29.4	-52.2	44.5	-43.1	West Coast to Plateau Village
44.5	-41.8	50.5	-68.2	Northern Manumet Plains Portal
23.9	-28	56.1	-75.2	Central Tuatara Plains Portal
38.3	-75.5	42.1	33.6	Holtburg Portal
47.4	-88.9	38.1	-75.9	Bluespire Portal
41	-83.6	52.1	-86.2	Northern Ahurenga Plains Portal
40.5	-83.7	-52.2	82.5	Nanto Portal
42	-77.6	42.2	-77.6	Marescent Plateau Portal
42.5	-67.5	-22.2	-2.1	Yaraq Portal
55.9	-75	38.1	-77.7	Karab Delta Portal
40.2	35.1	61.1	31.2	Holtburg to New Colier Cottages Portal
40.2	35.1	43.9	18.4	Holtburg to Woodsbane Cottages Portal
40.2	35.1	50.3	35.3	Holtburg to Mountain Keep Cottages Portal
40.2	35.1	40.7	47.2	Holtburg to Holtburg Wilderness Cottages Portal
-33.6	13.2	-33.2	9.8	Al-Arqas to Al-Kasan Settlement
-33.6	13.2	-37.9	16	Al-Arqas to Monument Sands Settlement
-33.6	13.2	-34.5	18.1	Al-Arqas to Al-Hatar Settlement
-33.6	13.2	-24.7	15.2	Al-Arqas to Arqasanti
5.7	4.3	4.3	12.3	Al-Jalima to Musansayn
5.7	4.3	12.4	5.6	Al-Jalima to Four Towers Settlement
32.9	59.4	32.9	48.4	Arwic to East Span Way Settlement Portal
32.9	59.4	28.7	59.7	Arwic to Southeast Arwic Settlement Portal
32.9	59.4	30.1	65.8	Arwic to Cape Feirgard Cottages Portal
32.9	59.4	52	64	Arwic to Sennon Valley Retreat Portal
26.2	46.3	14.1	37.8	Cragstone to Forgotten Hills
26.2	46.3	17.4	48.7	Cragstone to South Victory Harbor
26.2	46.3	20.1	43.6	Cragstone to Cragstone Farms
66.3	14.3	72.5	28	Crater to East Esper Valley Portal
66.3	14.3	70.9	23	Crater to Neydisa Village Portal
66.3	14.3	56.7	20.2	Crater to Prosper River Headwaters Portal
66.3	14.3	87.6	14.5	Crater to Pavanne Vale Freehold Portal
66.3	14.3	86.7	29.4	Crater to Celdiseths Beach Settlement Portal
17.5	61.5	19.9	57.3	Eastham to Strathelar`s Watch Cottages
17.5	61.5	22.9	60.3	Eastham to North Eastham Meadow
17.5	61.5	13.4	63.4	Eastham to Filos` Font Cottages
17.5	61.5	16.7	57.3	Eastham to Lake Blessed Cottages
27.9	29.5	34.5	22.5	Glenden Wood to Mountain Ridge Abodes
27.9	29.5	22.7	22.7	Glenden Wood to Zabool Overlook Settlement
27.9	29.5	35	26.8	Glenden Wood to Glenden Hills North Settlement
27.9	29.5	32.2	31	Glenden Wood to Glenden Hills East Settlement
27.9	29.5	32.5	18.5	Glenden Wood to Eaves of Tiofor Settlement
27.9	29.5	34.1	13.5	Glenden Wood to Whispering Pines Cottages
-41.5	82.1	-20.3	78.5	Hebian-To to Bluewater Cottages
-41.5	82.1	-43.1	87.2	Hebian-To to Southwest Hebian-To Settlement
-41.5	82.1	-44	80.4	Hebian-To to South Hebian-To Cottages
-41.5	82.1	-40.8	76.6	Hebian-To to Shian-To Cottages
40.2	35.1	48	29.2	Holtburg to Lilyglen Cottages Portal
-82.9	48.2	75.6	52.2	Kara to Norstead Portal
-82.9	48.2	-81.5	51.6	Kara to Ishilai Inlet Settlement Portal
-82.9	48.2	-80.6	56	Kara to South Adjamaer Cottages Portal
-82.9	48.2	-76	53.6	Kara to North Adjamaer Cottages Portal
-82.9	48.2	-71.8	47.3	Kara to Yukikaze Portal
-49.4	26	-38.7	39.3	Khayyaban to Taklihuan Settlement
-49.4	26	-50.5	11.7	Khayyaban to Serpent Hills Settlement
-49.4	26	-52.6	27.7	Khayyaban to South Khayyaban Cottages
-49.4	26	-47.5	19.9	Khayyaban to Dunes End Cottages
-49.4	26	-54.7	40.2	Khayyaban to Spire Hills Settlement
-60.8	80.3	-74.5	65.9	Mayoi to Lugian Meadows Settlement
-60.8	80.3	-68	78	Mayoi to Vesayan Overlook
-60.8	80.3	-49.4	84.8	Mayoi to Meditation Meadow
2.2	50.4	-8.9	64.5	Lytelthorpe to Maedew
45.4	-42.3	35.8	-39.1	Plateau to Plateau Hollow Settlement
45.4	-42.3	53.2	-36.2	Plateau to Lithaenean Cottages
45.4	-42.3	57.5	-52.8	Plateau to Adams` Beach Portal
-74.8	17.8	-89.5	31	Qalaba'r to Brigands Bay Settlement
8.7	60.9	-0.4	68.2	Rithwic to Siege Road Settlement
8.7	60.9	6.3	62.9	Rithwic to Gaerwel Edge Settlement
8.7	60.9	6.7	54.7	Rithwic to Meridian Cottages
8.7	60.9	12.9	52.9	Rithwic to Leafdawning Settlement
-0.9	19	-7	22.3	Samsur to Janaa Ridge Settlement
-0.9	19	1.6	36.1	Samsur to Adventurer`s Haven Cottages Portal
-0.9	19	-12	23.6	Samsur to Yushad Ridge Cottages
-0.9	19	-6.5	15.5	Samsur to Samsur Butte Cottages
-27.2	59.9	-27.8	46.8	Sawato to Blackmire Edge Cottages Portal
-27.2	59.9	-27	43.3	Sawato to Jinianshi Portal
-27.2	59.9	-27.6	63.9	Sawato to East Sawato Settlement Portal
-27.2	59.9	-31.7	63.3	Sawato to Sawato Foothills Settlement Portal
-27.2	59.9	-30.8	53.5	Sawato to East Sawato Cottages Portal
-27.2	59.9	-39	55.4	Sawato to Ayn Tayan Portal
-31.3	72.6	-29.3	70	Shoushi to Chi Zou Cottages Portal
-31.3	72.6	-28.2	75.1	Shoushi to Aimaru Plains Cottages Portal
-31.3	72.6	-22.2	73.5	Shoushi to Mosswart Place Cottages Portal
69.6	-20.2	62.8	-0.1	Stonehold to Lake Nemuel Settlement
69.6	-20.2	77.8	-44.2	Stonehold to Woodshore Cottages
69.6	-20.2	76.7	-36.1	Stonehold to Sonel
69.6	-20.2	82.4	-43.5	Stonehold to Desolation Beach
-30.5	94.5	-12.8	77.2	Tou-Tou to Dryreach Beach Cottages Portal
-30.5	94.5	-16.7	77.1	Tou-Tou to Ariake Portal
-30.5	94.5	-38.4	92.1	Tou-Tou to Tou-Tou Penninsula Cottages Portal
-22.4	0.2	-7.1	-2.7	Yaraq to Aqalah Portal
-22.4	0.2	-26.6	1.5	Yaraq to South Yaraq Cottages Portal
-22.4	0.2	-25.4	10.4	Yaraq to Wi Badlands Settlement Portal
-22.4	0.2	-33	4.5	Yaraq to Ijaniya Portal
-10.3	45.7	-9	41.8	Yanshi to Liang Chi Settlement Portal
-10.3	45.7	-12.1	63.5	Yanshi to Broadacre Cottages Portal
-10.3	45.7	-15.9	60.7	Yanshi to Imuth Maer Cottages Portal
-10.3	45.7	-23.9	44.4	Yanshi to Swamp Temple Place Portal
-10.3	45.7	-19	44.4	Yanshi to Yanshi Namoon North Portal
-10.3	45.7	-15.2	41	Yanshi to Faranar Foothills Portal
12.7	-1.7	18.8	4.2	Zaikhal to New Suntik
12.7	-1.7	30.9	9	Zaikhal to Majestic Hill Cottages
12.7	-1.7	25.5	6.7	Zaikhal to Maitland
12.7	-1.7	19.2	-18.3	Zaikhal to Sanai
12.7	-1.7	40.7	-5.5	Zaikhal to Tiofor Deeps
-50.1	63.5	-45	63.3	Baishi to North Baishi Cottages
-50.1	63.5	-49.7	40.2	Baishi to Oboro
-24.9	29.8	-25.9	22.7	Uziz to West Uziz Settlement Portal
-24.9	29.8	-23	37.2	Uziz to Arida Butte Portal
-24.9	29.8	-16.9	37.2	Uziz to Broken Sword Bethel Settlement Portal
-24.9	29.8	-19.5	32.9	Uziz to Narziz Cottages Portal
-24.9	29.8	-21.9	29.9	Uziz to North Uziz Settlement Portal
-72.7	14	-5.6	40	Desert Ridge Border
-72.6	13.8	32.8	34.7	Portal to Hilltop
40.2	35.1	46.5	40.5	Holtburg to West Holtburg Villas Portal
27.9	29.5	63.2	16.9	Glenden Wood to Highland Manors
45.4	-42.3	51.6	-50.2	Plateau to Rivermouth Villas
32.9	59.4	35.6	65.5	Arwic to South Beach Pass Villas Portal
32.9	59.4	54.4	59.5	Arwic to Far Claw Villas Portal
40.2	-76.1	46.1	-89.8	Ahurenga Portal
44.2	-78.4	44.1	-78.3	Aun Firanauri the Gate Keeper
42.3	-77.9	42	-77.8	Base of the Cliffs Portal
44.1	-77.8	43.9	-77.7	Base of the Timaru Plateau Portal
40.6	-82.4	43.2	-66.8	Greenspire Portal
40	-74.5	50.5	-68.2	Northern Manumet Plains Portal
-62	-50	-62.1	-50.4	Small Black Hill Portal
34.9	54.6	21.3	53.9	Abandoned Mines to Underground City
69.6	-20.2	78.1	-16.9	Stonehold to Dires' Doors Estates
-33.5	13.1	-29.5	18.8	Al-Arqas to Dry Bone Manors
-33.5	13.1	-44	8.7	Al-Arqas to Pillars-on-the-Sea Cottages
5.7	4.3	41.3	15.6	Al-Jalima to Bucolic Villas
5.7	4.3	-0.6	-1.2	Al-Jalima to Midsong Cottages
5.7	4.3	-0.1	8.5	Al-Jalima to Jackcat Canyon
5.7	4.3	11.1	23.5	Al-Jalima to Dillo Butte Settlement
-50.1	63.5	-47.9	51.1	Baishi to Ring of Crystals Estates
-50.1	63.5	-52.8	52.9	Baishi to Mage`s Pass
-50.1	63.5	-49.8	56.8	Baishi to West Baishi Settlement
-50.1	63.5	-45.6	59.2	Baishi to Jai-Tan Dale
-50.1	63.5	-60	44.4	Baishi to Tattered Ridge
-50.1	63.5	-45.8	67.2	Baishi to Tanshi
26.2	46.3	52.6	28	Cragstone to Ispan Hills
26.2	46.3	73.1	61	Cragstone to Haliana
17.5	61.5	-3.9	76.3	Eastham to Dryreach Beach Manors
17.5	61.5	47.4	69.6	Eastham to Beach Pass Villas
27.9	29.5	25.8	30	Glenden Wood to Iceea Hills Estates
27.9	29.5	75.4	40.1	Glenden Wood to West Norstead
-41.5	82.1	-44.6	75.3	Hebian-To to Sai-Nan
-41.5	82.1	-40.6	69.3	Hebian-To to South Shoushi Villas
-49.4	26	-60.9	24.9	Khayyaban to Brigand Sands Cottages
-49.4	26	-51.1	36.2	Khayyaban to Kanasa
-49.4	26	-56.9	32.2	Khayyaban to Plainsview Cottages
-49.4	26	-41.2	26.8	Khayyaban to Bhah Dhah Villas
2.2	50.4	6.4	49	Lytelthorpe to North Lytelthorpe Villas
2.2	50.4	-3.5	64.7	Lytelthorpe to Riverbend Cottages
2.2	50.4	-7.1	56.9	Lytelthorpe to Neu Gerz Villas
2.2	50.4	5.7	36.9	Lytelthorpe to Enchanter's Meadow
8.7	60.9	3.2	60.1	Rithwic to Slinker Meadows
8.7	60.9	3	65.7	Rithwic to Siege Road Villas
8.7	60.9	10.4	66.3	Rithwic to East Rithwic Estates
8.7	60.9	11.9	48.1	Rithwic to West Rithwic Estates
-0.9	19	-9	24.8	Samsur to Cactus Acres
-0.9	19	7.4	24.6	Samsur to Greenswath
-0.9	19	5.7	30.8	Samsur to Sand`s Edge
-0.9	19	4.6	20.7	Samsur to Nal Wadi Cottages
-0.9	19	5	16.2	Samsur to Stone Scar Settlement
-0.9	19	-9.5	33.3	Samsur to Yinar
-0.9	19	-9.4	11.4	Samsur to Naqut Dreams Villas
-74.8	17.8	-63.1	35.4	Qalaba`r to Ro-Nan
-74.8	17.8	-67.6	14.6	Qalaba`r to Qalaba`r Seaside Villas
-74.8	17.8	-60.5	18.5	Qalaba`r to Villalabar
-74.8	17.8	-66.4	21.8	Qalaba`r to Qalabar Oasis Settlement
-74.8	17.8	-81.9	17.1	Qalaba`r to Simda`r Villas
-27.2	59.9	-21.9	65.6	Sawato to Sclavavania Portal
-27.2	59.9	-15.8	72.9	Sawato to Narsys Portal
-27.2	59.9	-21.6	60.9	Sawato to Mire Hill Portal
-27.2	59.9	-19.8	55.9	Sawato to North Sawato Villas Portal
-31.3	72.6	-36.7	68.5	Shoushi to Shou-Zin Portal
-24.9	29.8	-9.6	4.6	Uziz to Arrak Portal
-24.9	29.8	-0.2	30.4	Uziz to Charbone Ridge Portal
-22.4	0.2	-15	-2.7	Yaraq to North Yaraq Villas Portal
-10.3	45.7	-14.6	66.4	Yanshi to Crescent Lane Cottages Portal
-10.3	45.7	93.9	-5.9	Yanshi to Northwater Cottages Portal
-10.3	45.7	-21.9	41	Yanshi to West Yanshi Namoon Portal
-10.3	45.7	-15.1	55.6	Yanshi to Snakehead Portal
-10.3	45.7	31.3	36.2	Yanshi to Taralla Portal
12.7	-1.7	22.1	0.7	Zaikhal to Helms Villas
12.7	-1.7	15	-6.4	Zaikhal to Sharvale
12.7	-1.7	24.9	-23.9	Zaikhal to East Danby
45.4	-42.3	51.9	-45.6	Plateau to Auralla Settlement
45.4	-42.3	76	35.3	Plateau to Zatara
45.4	-42.3	23.1	-54.2	Plateau to Dire's Edge
66.3	14.3	71.1	43.7	Crater to Bandit Road Villas Portal
66.3	14.3	78.3	1	Crater to Stone Triad Dell Portal
66.3	14.3	77.6	6.4	Crater to Frosty Dale Cottages Portal
66.3	14.3	80	11.3	Crater to Greenvale Settlement Portal
-82.9	48.2	-84.7	51.5	Kara to Ishilai Inlet Villas Portal
-54.6	62.7	-86.2	39.6	South Shore Heights Portal
-33.5	13.1	-12.1	14.4	Al-Arqas to Al-Nosaj
-33.5	13.1	-14.5	9.6	Al-Arqas to Bleached Skull Wastes Settlement
-33.5	13.1	-15.2	13.7	Al-Arqas to Desert Mirage Cottages
-33.5	13.1	28.2	-25.4	Al-Arqas to Tarn Vinara Villas
-33.5	13.1	-22.3	11.1	Al-Arqas to Djinaya Wind Cottages
-33.5	13.1	-21.6	15.2	Al-Arqas to Hamud Cottages
5.7	4.3	24.1	-19.1	Al-Jalima to Fearnot Valley Cottages
32.9	59.4	40	63.2	Arwic to Lost Wish Cottages Portal
32.9	59.4	72	52.1	Arwic to Norvale Portal
32.9	59.4	53.5	41.7	Arwic to Bleak Valley Portal
32.9	59.4	68.2	40.7	Arwic to Alvador Portal
32.9	59.4	41	60.7	Arwic to Eotensfang Cottages Portal
-50.1	63.5	-44.7	49.6	Baishi to Jasmine Meadow
-50.1	63.5	-54.4	43.1	Baishi to Shara
26.2	46.3	19.3	26.4	Cragstone to Lost Realm Cottages
26.2	46.3	19.8	39.1	Cragstone to Meerthus Square
26.2	46.3	20.1	33.6	Cragstone to Solstice Hill
27.9	29.5	46.5	10.6	Glenden Wood to Firedew
27.9	29.5	30.6	14.6	Glenden Wood to Mistdweller Villas Portal
27.9	29.5	23.3	26.5	Glenden Wood to Auroch Pasture Estates
27.9	29.5	45.7	14.6	Glenden Wood to Pine Hillock Settlement
27.9	29.5	18.2	22.7	Glenden Wood to Redrock Cottages
27.9	29.5	14.7	19.4	Glenden Wood to Bellig Mesa Cottages
-41.5	82.1	58.6	-41.6	Hebian-To to Pine Deep
-41.5	82.1	-25.7	79.4	Hebian-To to Stoneport Villas
-41.5	82.1	-22.4	68.7	Hebian-To to San-Chin
-41.5	82.1	-45.4	83.1	Hebian-To to South Hebian-To Estates
8.7	60.9	9.6	36.9	Rithwic to King Pwyll Square
-27.2	59.9	-34.3	52.7	Sawato to Lo-Han Portal
-27.2	59.9	-35.2	46.6	Sawato to Zin-Dai Portal
-27.2	59.9	-38.2	43.3	Sawato to Empyrean Fields Cottages Portal
-24.9	29.8	-34.3	29.3	Uziz to South Uziz Villas Portal
-24.9	29.8	-13.8	26.5	Uziz to Vulture's Eye Villas Portal
17.5	61.5	7.1	-9.1	Eastham to Desert Boundary Cottages
17.5	61.5	14.6	30.5	Eastham to Hermit Hill Cottages
-60.8	80.3	96.3	7.1	Mayoi to Point Tremblant
-60.8	80.3	-62.3	68.9	Mayoi to Font Alpa
-60.8	80.3	-61.1	73.7	Mayoi to West Mayoi Mountain Villas
-60.8	80.3	-78.4	60.2	Mayoi to Xinh
-74.8	17.8	83.2	35.4	Qalaba'r to Northreach
-74.8	17.8	-87.2	3.5	Qalaba'r to Land Bridge Villas
-74.8	17.8	-82.4	31.4	Qalaba'r to Linvak Tukal Foothills Settlement
-74.8	17.8	-75.8	37	Qalaba`r to Southern Park
-74.8	17.8	-85.7	17	Qalaba`r to Stormbrow
69.6	-20.2	88.2	-13.4	Stonehold to Seaview Ridge Cottages
69.6	-20.2	84	-1.6	Stonehold to Wisp Lake Cottages
69.6	-20.2	81	-11.2	Stonehold to Lord Cambarth Villas
69.6	-20.2	60.2	-23.9	Stonehold to Verena
69.6	-20.2	59.3	-19.1	Stonehold to Hidden Valley Portal
69.6	-20.2	83.4	-40.3	Stonehold to Empyrean Shore Villas
69.6	-20.2	67.5	-16.8	Stonehold to Laiti`s Villa
69.6	-20.2	81.8	-17.7	Stonehold to Lightbringer Dale Cottages
-30.46586	94.56508	85.3	-8.8	Tou-Tou to Snowy Valley Portal
-30.5	94.5	-42.2	90.9	Tou-Tou to Tou-Tou Road Villas Portal
-30.5	94.5	-48.9	88.5	Tou-Tou to Nan-Zari Portal
-30.5	94.5	61.5	-52.3	Tou-Tou to Westshore Cottages Portal
-30.5	94.5	-46.3	87.3	Tou-Tou to Ong-Hau Village Portal
-24.9	29.8	-13.7	17.3	Uziz to Sand Kings Cottages Portal
-24.9	29.8	-16.1	21.4	Uziz to Djebel al-Nar Cottages Portal
-10.3	45.7	-31.8	46.6	Yanshi to Li-Po Cottages Portal
12.7	-1.7	9.3	-12.7	Zaikhal to Loredane Villas
12.7	-1.7	27	-18.2	Zaikhal to Embara
12.7	-1.7	16.9	-9.5	Zaikhal to West Zaikhal Freehold
12.7	-1.7	14.6	22.7	Zaikhal to Stonebend Cottages
-82.9	48.2	-59.9	35.3	Kara to Ikama Cottages Portal
-82.9	48.2	-72	42.4	Kara to Lake Thrasyl Cottages Portal
66.3	14.3	68.1	36.7	Crater to Bretslef Cottages Portal
66.3	14.3	52.4	5.4	Crater to Ianna Portal
66.3	14.3	92.2	9.9	Crater to Celcynd Cottages Portal
45.4	-42.3	48.8	-43.9	Plateau to Fadsahil Settlement
45.4	-42.3	38.5	-12.7	Plateau to East Morntide Villas
45.4	-42.3	35.2	-36.1	Plateau to Yee Villas
45.4	-42.3	47.1	-39.3	Plateau to Rhynntal Cottages
45.4	-42.3	52.1	-39.9	Plateau to Rahvard Square
-50.1	63.5	-46.6	41.5	Baishi to Kelnen Village
-50.1	63.5	-48.8	69.7	Baishi to Lin Kiln Park
26.2	46.3	17.3	36.1	Cragstone to Tinkelo Hold Villas
17.5	61.5	56.9	-27.1	Eastham to Asandra Cottages
17.5	61.5	34.7	-49	Eastham to Sliver-of-Blue Cottages
17.5	61.5	69.6	60.9	Eastham to P`rnelle Acres
17.5	61.5	84.9	1.6	Eastham to Midhill Cottages
2.2	50.4	5.5	40.8	Lytelthorpe to Osric Cottages
2.2	50.4	9.5	40.7	Lytelthorpe to Darawyll Village
2.2	50.4	-0.9	39.9	Lytelthorpe to Asbel Domain
2.2	50.4	-7.2	60.5	Lytelthorpe to Jin-Lai Stronghold
2.2	50.4	-1.7	33.6	Lytelthorpe to Devana
45.4	-42.3	50.3	-26.4	Plateau to Aloria Portal
45.4	-42.3	23.2	-46.3	Plateau to Last-Stop-Before-Dires Villas
45.4	-42.3	56	-35.1	Plateau to Stormtree Villas
45.4	-42.3	55.2	-49.6	Plateau to Caerlin Cottages
8.7	60.9	64.1	29.5	Rithwic to Glystaene Cottages
8.7	60.9	66.5	57.6	Rithwic to New Cannthalo
-0.9	19	-6.4	4.2	Samsur to Return of Mumiyah Cottages
-0.9	19	24.2	10.5	Samsur to Dovetail Valley Villas
-0.9	19	15.3	26.3	Samsur to Maythen Geroyu Villas
-0.9	19	11	26.4	Samsur to Palm-of-Stone Villas
-33.5	13.1	-21.7	18.4	Al-Arqas to Ahr-Zona
5.7	4.3	7.7	17.7	Al-Jalima to East Al-Jalima Villas
5.7	4.3	-54.4	15.4	Al-Jalima to Mahara Cottages
5.7	4.3	25	-3.9	Al-Jalima to Mimiana Villas
32.9	59.4	83.3	28.8	Arwic to Dagger Vale Portal
66.3	14.3	26.5	-36.7	Crater to Merak Portal
66.3	14.3	53.6	10.4	Crater to New Nesortania Portal
66.3	14.3	69.5	-4	Crater to Anadil Portal
27.9	29.5	34.4	-11.9	Glenden Wood to Genem Causland
27.9	29.5	28.6	17.7	Glenden Wood to Howling Wolf Villas
27.9	29.5	24.8	15	Glenden Wood to Soltan Villas
-41.5	82.1	27.9	-28.8	Hebian-To to Tia-Leh Homestead
-60.8	80.3	26.4	-33.6	Mayoi to Inquisitor's Dale Cottages
-60.8	80.3	74.4	-46.3	Mayoi to Lady Maila Estates
-60.8	80.3	12	-15.9	Mayoi to Shore Vista Cottages
-74.8	17.8	84.1	-31.1	Qalaba'r to Azaroth Cottages Portal
-74.8	17.8	-68.8	30.6	Qalaba`r to Mattekar Slopes Cottages
-74.8	17.8	-12.6	0.9	Qalaba`r to Sand Shallow Cottages
-74.8	17.8	-86.4	37.7	Qalaba`r to Scimitar Lake Cottages
-0.9	19	91.3	5.4	Samsur to Tharesun
-24.9	29.8	-8.8	28	Uziz to Drytree Settlement Portal
-24.9	29.8	-28.8	21.1	Uziz to Thasali Cottages Portal
-82.9	48.2	73.6	-42.3	Kara to Brazenn Domain Portal
-82.9	48.2	32.9	-22.2	Kara to Direvale Villas Portal
-49.4	26	-47.1	16.9	Khayyaban to Al-Mar Oasis
-49.4	26	-56.9	20.6	Khayyaban to Avatania Cottages
-49.4	26	30.4	-18.3	Khayyaban to Rethux Vale
-49.4	26	-43.9	35.2	Khayyaban to Sonpay
-27.2	59.9	-35.9	40.8	Sawato to Kuyiza Portal
-27.2	59.9	-12.7	72.8	Sawato to South Siege Villas Portal
-27.2	59.9	-18.2	63.3	Sawato to Village Quan Portal
69.6	-20.2	42.5	4.7	Stonehold to Durglen
69.6	-20.2	35.3	-15.1	Stonehold to East Morntide Settlement
69.6	-20.2	64	-16.7	Stonehold to Ice`s Edge Cottages
69.6	-20.2	83.1	-28	Stonehold to Northfire Estates
69.6	-20.2	54.4	-19.9	Stonehold to Regina Cottages
69.6	-20.2	81.6	-20.7	Stonehold to Thyrinn Cant Cottages
12.7	-1.7	25.7	-0.8	Zaikhal to Bright Blade Cottages
-10.3	45.7	-4.7	44.6	Yanshi to Jenshi Cottages Portal
5.7	4.3	23.2	-42.3	Al-Jalima to Mirthless Dale
5.7	4.3	15.3	-17.5	Al-Jalima to Nidal-Taraq Villas
32.9	59.4	-84.7	12.8	Arwic to Artifice Cottages Portal
32.9	59.4	64.9	37.6	Arwic to Baron's Domain Portal
32.9	59.4	72.1	55.2	Arwic to Broken Haft Vale Portal
26.2	46.3	59.3	40.9	Cragstone to Colier View Hill
26.2	46.3	92.9	-2.4	Cragstone to Far Horizon Cottages
66.3	14.3	28.8	-36.8	Crater to Adept's Domain Portal
66.3	14.3	58.5	-0.7	Crater to Mountain Retreat Cottages Portal
66.3	14.3	75.3	27.2	Crater to Patron's Honor Cottages Portal
66.3	14.3	80.8	-35.1	Crater to Sweet Maple Cottages Portal
66.3	14.3	62.6	3.2	Crater to Windrune Cottages Portal
-41.5	82.1	64.8	72.1	Hebian-To to Arrowdale Cottages
-82.9	48.2	28.1	-22.4	Kara to Harmonious Blade Cottages Portal
-82.9	48.2	23.3	-49.6	Kara to Peril's Edge Cottages Portal
-49.4	26	-39.9	33	Khayyaban to Ardent Realm
-49.4	26	-40	36.1	Khayyaban to Shield of Ispar Villas
45.4	-42.3	30.6	-45.4	Plateau to Hero`s Vale
45.4	-42.3	45.6	-36	Plateau to Rytheran Dale
45.4	-42.3	37.6	-49	Plateau to Wilomine Villas
45.4	-42.3	31.1	-28.8	Plateau to Wolfenvale
-74.8	17.8	30.5	-40.7	Qalaba'r to Axefall Glen Portal
-24.9	29.8	8.9	32	Uziz to Demonsbane Cottages Portal
-10.3	45.7	27.9	-3.8	Yanshi to Blazing Wand Villas Portal
12.7	-1.7	36	-24	Zaikhal to Deepvale Cottages
12.7	-1.7	17.6	-12.7	Zaikhal to Gharu`n Victory Villas
-39.8	-54.6	-8.1	74	Town of Dryreach Portal
85.8	-27.6	68.7	-21.8	Stonehold Portal
5.7	4.3	34.4	0.7	Al-Jalima to Reviled Maw Cottages
5.7	4.3	36	4.1	Al-Jalima to Tusker Notch
5.7	4.3	13.6	16.2	Al-Jalima to Unified Heart Villas
32.9	59.4	57.8	2.4	Arwic to Defiant Prey Cottages Portal
32.9	59.4	50.4	69.7	Arwic to Hand-on-Sword Cottages Portal
32.9	59.4	53.7	70.4	Arwic to Jeweled Thorn Estates Portal
32.9	59.4	51.9	67.2	Arwic to Secluded Valley Cottages Portal
66.3	14.3	55.2	4.8	Crater to North Pass Hollow Cottages Portal
66.3	14.3	62.5	8.3	Crater to Shaky Ledge Cottages Portal
66.3	14.3	59	7.9	Crater to Stonerune Cottages Portal
27.9	29.5	38.7	-9.6	Glenden Wood to Amarand Villas
27.9	29.5	37.8	0.7	Glenden Wood to Lanadryll Cottages
-41.5	82.1	39.5	-22.5	Hebian-To to Majestic Saddle Cottages
-49.4	26	39.3	-29.6	Khayyaban to Rending Talon Cottages
-49.4	26	35.7	-32.7	Khayyaban to Stone Scythe Stronghold
-60.8	80.3	29.5	-33.5	Mayoi to Shield of Valor Cottages
-60.8	80.3	60.8	19.3	Mayoi to Songview
45.4	-42.3	39.2	-32.6	Plateau to Two Hills Cottages
45.4	-42.3	42.4	-29.5	Plateau to Tyrrin Cottages
-74.8	17.8	-61.7	14.5	Qalaba`r to Ebbing Tide Villas
-74.8	17.8	-60.1	32.1	Qalaba'r to Gredaline Villas
-74.8	17.8	31.2	-11.9	Qalaba`r to Sanam Batal Villas
8.7	60.9	65	65.7	Rithwic to Isparian Flame Estates
-0.9	19	39.3	4	Samsur to Charnhold
-0.9	19	35.3	-8.7	Samsur to Darasa Villas
-0.9	19	1.6	21.7	Samsur to Stone Face Oasis Villas
-27.2	59.9	61.5	65.6	Sawato to Explorer's Villas Portal
-30.5	94.5	42.5	-26.3	Tou-Tou to Dame Tolani Villas Portal
-24.9	29.8	32.8	-34.3	Uziz to Hopevale Portal
-24.9	29.8	32.1	-15.1	Uziz to Morntide Ascent Cottages Portal
-10.3	45.7	38.4	-26.3	Yanshi to Firesong Cottages Portal
-38.1	-60.3	2.3	-0.8	Precarious Sojourn Exit Portal
2.3	-0.8	-38.1	-60.3	Precarious Sojourn Portal
-49.4	26	-56.9	35.3	Khayyaban to Erevana Villas
11	14.7	-88.3	-64.5	Sylsfear to Direlands Midland Portal
-90.2	-64.5	-78.7	-73.4	Direlands Desert Edge Portal
-88.5	-66.8	-84.2	-34.4	South Direlands Portal
-80.1	-42.4	-84.2	-34.4	South Direlands Portal
-80.2	-42.3	24.3	-53.8	North Direlands Portal
-78	-48.7	-84.2	-34.4	South Direlands Portal
-78.1	-48.6	-5.6	40	Desert Ridge Border
-21.5	-74.7	-53	61.1	Ridge Tower
5.5	-87.5	-48	-65	Obsidian Rim Portal
-88.2	-64.6	-38.9	82.6	Hebian-To Portal
-9.4	-71.9	23.6	62.5	Beachside
-43.8	-83	26	48.2	Cragstone Portal
-49.4	26	-43.9	11.8	Khayyaban to Desert Vanguard Cottages
46.8	30.5	70.5	-8.1	Access to Crystal Mines
70.5	-8.1	41.6	33.7	Holtburg Portal
70.5	-8.3	70.5	-8.1	Access to Crystal Mines
-98	-94.7	-48	-65	Obsidian Rim Portal
19.7	17.8	20.8	18.5	South Zabool
19.5	17.5	19.6	17	Base of Mt. Alphus
19.5	16.9	20.3	15.8	Mt. Alphus Valley
20.2	15	19.6	17	Base of Mt. Alphus
17.3	16	16.3	14.7	North Gemm
16.3	14.7	17.3	16	South Bellig
15.7	14.2	14.6	13.2	North Dalt
14.6	13.2	15.7	14.2	South Gemm
14.1	12.7	12.7	11.8	North Syliph
12.7	11.8	14.1	12.7	South Dalt
11.6	12.3	11.2	12.2	Mt. Syliph Plain
11.2	12.2	11.6	12.3	Base of Mt. Syliph
-65.7	84.9	-72.5	81.3	Vesayen Isles Portal
-53.1	61	-94.8	-9.7	Drunken Madman to Ulgrim's Island
27.2	47.3	28.5	48	River Bridge Portal
28.5	48	27.1	47.4	River Bridge Portal
-69.3	94.5	-84.2	-34.4	Jungle Shadows to South Direlands Portal
-69.3	94.5	24.4	-53.8	Jungle Shadows to North Direlands Portal
22.9	-28.8	65	49.3	Desert March to Bandit Castle Portal
6.5	-3.6	65	49.3	Desert March to Bandit Castle Portal
22.9	-28.8	-48	-65	Desert March to Obsidian Rim Portal
6.5	-3.6	-48	-65	Desert March to Obsidian Rim Portal
6.5	-3.6	24.4	-53.8	Desert March to North Direlands Portal
22.9	-28.8	24.4	-53.8	Desert March to North Direlands Portal
22.9	-28.8	-62.4	-52.3	Desert March to Black Hill Portal
6.5	-3.6	-62.4	-52.3	Desert March to Black Hill Portal
6.5	-3.6	56.8	12.9	Desert March to Southern Mt. Esper Portal
22.9	-28.8	56.8	12.9	Desert March to Southern Mt. Esper Portal
22.9	-28.8	-84.2	-34.4	Desert March to South Direlands Portal
6.5	-3.6	-84.2	-34.4	Desert March to South Direlands Portal
21	69.3	-38.6	82.1	Hebian-To Portal
21	69.1	26	48.2	Cragstone Portal
29.9	27.4	26	48.2	Effigy Foundry to Cragstone
25.7	49.2	26	48.2	Effigy Foundry to Cragstone
17.7	63.3	26	48.2	Effigy Foundry to Cragstone
13.8	0.6	26	48.2	Effigy Foundry to Cragstone
7.4	4.8	26	48.2	Effigy Foundry to Cragstone
-25.1	28.3	26	48.2	Effigy Foundry to Cragstone
-28.1	95.8	26	48.2	Effigy Foundry to Cragstone
-39.4	83.1	26	48.2	Effigy Foundry to Cragstone
-47.6	24.7	26	48.2	Effigy Foundry to Cragstone
-54.4	73.2	26	48.2	Effigy Foundry to Cragstone
7.5	0.6	-88.3	-64.5	Carved Caves to Direland Midlands
7.5	0.6	-75	19.6	Carved Caves to Qalaba'r
-74.3	84.6	26	48.2	Effigy Foundry to Cragstone
42.7	33.6	-51	81.7	Mannikin Foundry to Nanto
10.5	58.3	-51	81.7	Mannikin Foundry to Nanto
0.7	51.4	-51	81.7	Mannikin Foundry to Nanto
-2.9	19.4	-51	81.7	Mannikin Foundry to Nanto
-12.8	46.3	-51	81.7	Mannikin Foundry to Nanto
-21.5	-1.7	-51	81.7	Mannikin Foundry to Nanto
-31.2	13.8	-51	81.7	Mannikin Foundry to Nanto
-33.4	72.9	-51	81.7	Mannikin Foundry to Nanto
-52.5	82.1	-51	81.7	Mannikin Foundry to Nanto
68.8	-21.6	-49.3	62.9	Mammet Foundry to Baishi
44.2	-43.4	-49.3	62.9	Mammet Foundry to Baishi
30.9	56.4	-49.3	62.9	Mammet Foundry to Baishi
-14.9	5.8	-49.3	62.9	Mammet Foundry to Baishi
-28.6	59.3	-49.3	62.9	Mammet Foundry to Baishi
-49.4	62.5	-49.3	62.9	Mammet Foundry to Baishi
-61.9	82	-49.3	62.9	Mammet Foundry to Baishi
-74.1	92.3	-49.3	62.9	Mammet Foundry to Baishi
-74.3	19.2	-49.3	62.9	Mammet Foundry to Baishi
1.6	-72.1	1.7	-71.2	Colossus Foundry to Fort Tethana
-60	-87.9	1.7	-71.2	Colossus Foundry to Fort Tethana
-62	-51.3	1.7	-71.2	Colossus Foundry to Fort Tethana
-83.3	47.1	1.7	-71.2	Colossus Foundry to Fort Tethana
-74.1	19.2	28.9	26.3	Atrium Residential Halls to Glenden Wood
29.7	27	28.9	26.3	Atrium Residential Halls to Glenden Wood
-49.3	62.4	28.9	26.3	Atrium Residential Halls to Glenden Wood
-49.3	62.4	-75	19.6	Atrium Residential Halls to Qalaba'r
29.7	27	-75	19.6	Atrium Residential Halls to Qalaba'r
-74.1	19.2	-75	19.6	Atrium Residential Halls to Qalaba'r
-74.1	19.2	-49.3	62.9	Atrium Residential Halls to Baishi
29.7	27	-49.3	62.9	Atrium Residential Halls to Baishi
-49.3	62.4	-49.3	62.9	Atrium Residential Halls to Baishi
0.6	51.6	-24.3	28.9	Haven Residential Halls to Uziz
-24.9	28.3	-24.3	28.9	Haven Residential Halls to Uziz
-28.2	95.6	-24.3	28.9	Haven Residential Halls to Uziz
-28.2	95.6	1.9	51.9	Haven Residential Halls to Lytelthorpe
-24.9	28.3	1.9	51.9	Haven Residential Halls to Lytelthorpe
0.6	51.6	1.9	51.9	Haven Residential Halls to Lytelthorpe
0.6	51.6	-30.4	94.7	Haven Residential Halls to Tou-Tou
-24.9	28.3	-30.4	94.7	Haven Residential Halls to Tou-Tou
-28.2	95.6	-30.4	94.7	Haven Residential Halls to Tou-Tou
44	-43.1	-62.7	81.5	Oriel Residential Halls to Mayoi
-47.4	25.1	-62.7	81.5	Oriel Residential Halls to Mayoi
-61.8	81.6	-62.7	81.5	Oriel Residential Halls to Mayoi
-61.8	81.6	44.5	-43.1	Oriel Residential Halls to Plateau
-47.4	25.1	44.5	-43.1	Oriel Residential Halls to Plateau
44	-43.1	44.5	-43.1	Oriel Residential Halls to Plateau
44	-43.1	-47.6	26.7	Oriel Residential Halls to Khayyaban
-47.4	25.1	-47.6	26.7	Oriel Residential Halls to Khayyaban
-61.8	81.6	-47.6	26.7	Oriel Residential Halls to Khayyaban
25.5	48.7	26	48.2	Sanctum Residential Halls to Cragstone
13.4	0.6	26	48.2	Sanctum Residential Halls to Cragstone
-39.6	83.5	26	48.2	Sanctum Residential Halls to Cragstone
-39.6	83.5	14.3	1.3	Sanctum Residential Halls to Zaikhal
13.4	0.6	14.3	1.3	Sanctum Residential Halls to Zaikhal
25.5	48.7	14.3	1.3	Sanctum Residential Halls to Zaikhal
25.5	48.7	-38.6	82.1	Sanctum Residential Halls to Hebian-to
13.4	0.6	-38.6	82.1	Sanctum Residential Halls to Hebian-to
-39.6	83.5	-38.6	82.1	Sanctum Residential Halls to Hebian-to
-3.2	19.1	-53.9	74.3	Victory Residential Halls to Lin
-48	24.5	-53.9	74.3	Victory Residential Halls to Lin
-54.3	73.2	-53.9	74.3	Victory Residential Halls to Lin
-54.3	73.2	-47.6	26.7	Victory Residential Halls to Khayyaban
-48	24.5	-47.6	26.7	Victory Residential Halls to Khayyaban
-3.2	19.1	-47.6	26.7	Victory Residential Halls to Khayyaban
-3.2	19.1	-2.7	18.9	Victory Residential Halls to Samsur
-48	24.5	-2.7	18.9	Victory Residential Halls to Samsur
-54.3	73.2	-2.7	18.9	Victory Residential Halls to Samsur
7.5	0.6	-76.5	-74.9	Carved Caves to Hall of the Lost Light
-75.7	28.2	-77.8	28	Linvak Tukal Portal
-75.8	83.1	68.7	-21.8	Stonehold Portal
-75.8	83.1	16.9	63.5	Eastham Portal
-75.8	83.1	-3.2	19	Samsur Portal
-75.8	83.1	44.5	-43.1	Plateau Portal
-75.8	83.1	-41.9	16.1	Xarabydun Portal
-75.8	83.1	29.7	26.5	Glenden Wood Portal
-75.8	83.1	33.3	56.6	Arwic Portal
-75.8	83.1	-73	92	Freehold Portal
-75.8	83.1	-47.4	25.5	Khayyaban Portal
-75.8	83.1	-29.1	58.9	Sawato Portal
-75.8	83.1	10.8	59.3	Rithwic Portal
-75.8	83.1	1.1	51.7	Lytelthorpe Portal
-75.8	83.1	-53.9	74.3	Lin Portal
-75.8	83.1	-83.5	47.6	Kara Portal
-75.8	83.1	-7.2	5	Al-Jalima Portal
-75.8	83.1	-28.1	95.4	Tou-Tou Portal
-75.8	83.1	-24.8	28.4	Uziz Portal
-75.8	83.1	-74.6	84.2	Kryst Portal
-75.8	83.1	-31.3	13.2	Al-Arquas Portal
-18.6	-84.4	66.5	-26.7	Stonehold Valley Portal
-18.6	-84.4	17	-58.3	Direlands North Landbridge Portal
-18.6	-84.4	-83.3	-19.2	Direlands South Landbridge Portal
-18.6	-84.4	-72.5	81.3	Vesayen Isles Portal
-18.6	-84.4	-86.2	39.6	South Shore Heights
-18.6	-84.4	34.5	42.1	Obsidian Span Portal
-18.6	-84.4	-64	-65.3	Obsidian Plains Portal
-18.6	-84.4	-70.9	-36.3	Direlands Southeast Shore Portal
-18.6	-84.4	-59.7	-90	Darktide Festival Stone Portal
-18.6	-84.4	-0.4	-80.1	Slaughterhouse Portal
-18.6	-84.4	22.5	51.9	Isle of Tears Portal
-18.6	-84.4	-62.4	-52.3	Black Hill Portal
-18.6	-84.4	-21.5	-74.6	Walled Portals Portal
-18.6	-84.4	-48	-65	Obsidian Rim Portal
-83.4	89.8	-91.2	87.4	Portalling Device
-53.1	61	-21.5	-74.6	Drunken Madman to Walled Fort
-49.4	26	-39.9	23.2	Khayyaban to Sands-of-the-Skull Cottages
76.6	-58.6	95.9	-56.8	Fiun Outpost Portal
87.7	-69.7	90.7	-51.2	Plains of Ruin Portal
75.3	-73.8	72.1	-60.9	Viamontian Garrison to Sanamar Portal
95.6	-56.2	87.3	-70.8	Fiun Outpost to Silyun Portal
-75	19.5	87.3	-70.8	Qalaba'r to Silyun
76.6	-58.7	87.3	-70.8	Sanamar to Silyun Portal
71.7	-61	79.2	-68	Beacon Tower
75.9	-61.3	82.2	-74.2	Cataracts of Sabella
79.2	-68	71.7	-61	Beacon Tower Exit
89	-67.6	88.8	-67.9	Karlun's Fort Portal
88.9	-67.5	89.2	-67.8	Karlun's Fort Exit Portal
80.2	-67.8	71.7	-61	Beacon Tower Exit
80.4	-68	71.7	-61	Beacon Tower Exit
80.2	-68.2	71.7	-61	Beacon Tower Exit
90.6	-51	87.3	-70.8	Silyun Portal
-76	-67.1	66.6	49.9	Portal to Bandit Castle
66.6	49.9	-76	-67.1	Keep Out!
-41.9	16.1	-41.9	16.1	Xarabydun Surface Portal
21.8	19.5	21.8	19.5	Base of Mount Zabool
20.8	18.5	19.7	17.8	Mount Alphus
26.3	63.9	-65.2	60.3	High Mountain Valley Portal
26.3	63.9	33.3	66.6	Merchant Cellar to Arwic
-60.3	-90.7	-87.6	-4.4	Gatekeepers Portal
70.2	65.6	79	58.6	Vissidal Island Portal
70.4	50.5	79.7	54.4	Temple of N'cthail
80.2	54.4	70.3	50.4	Temple Exit
85.1	57.5	79	58.6	Vissidal Island
75.8	70.2	84.7	58.2	Dark Isle Portal
5.7	4.3	20	10.4	Al-Jalima to Alfreth Ridge Cottages
5.7	4.3	-12.1	-27	Al-Jalima to Al-Arqis Cottages
5.7	4.3	1.7	-5.1	Al-Jalima to Bay of Sands
2.2	50.4	-0.2	57.9	Lytelthorpe to East Lytelthorpe Settlement
2.2	50.4	-4.4	48	Lytelthorpe to North Yanshi Plains Settlement
2.2	50.4	-2.3	53.9	Lytelthorpe to South Lytelthorpe
-60.5	78	-70.9	-36.3	Direlands Southeast Shore Portal
40.1	60.3	32.8	34.7	Portal to Hilltop
12.7	-1.7	31.3	-25.5	Zaikhal to Nalib Cavana Settlement
-61.9	40	-65.2	60.3	Hidden Valley to High Mountain Valley
-11.7	58	-61.4	-46.6	Halls of Metos (Imuth Maer Doquin)
67.4	30.5	67.4	30.5	Portal to Bur
16.2	69.3	21.3	69.2	Asheron's Castle
-82.6	88.8	-62.3	96	Statue of Transport
-58.9	-88.7	40.9	33.6	Holtburg Casino VIP Portal
-58.9	-88.7	-34.2	73.6	Shoushi Casino VIP Portal
-58.9	-88.7	-21.5	-0.8	Yaraq Casino VIP Portal
17.6	63.5	58.5	-10.3	Patriarch's Valley Portal
-14.6	-62.2	-14.6	-62	Resonant Portal
-10.6	17.1	-10.6	17.1	Resonant Portal
-98	-94.7	-48	-65	Portal To The Obsidian Rim
-87.5	-67.2	-87.5	-67.2	Tree Portal
-89.5	-57.4	32.8	34.7	Portal to Hilltop
17.1	63	57.1	47.8	Lightning Ziggurat
17.1	63	57.1	47.8	Frost Ziggurat
17.1	63	57.1	47.7	Acid Ziggurat
17.1	63	57.1	47.8	Fire Ziggurat
-100.51667	8.65833	41.9	-82.2	Facility Hub (N W) Abandoned Tumerok Site
-100.4822	8.58218	45	-76.3	Facility Hub (N W) An Olthoi Soldier Nest
-100.51667	8.575	52.6	-73.1	Facility Hub (N W) Ancient Empyrean Grotto
-100.51673	8.61639	43.8	25	Facility Hub (W)(R 1 (35) C) to Banderling Camp
-100.51614	8.89692	-29.1	50.6	Facility Hub (E)(L 2 (25) C L) to Banderling Conquest Dungeo
-100.64172	8.53334	17.7	15.9	Facility Hub (W)(L 2 (40) L) to Bellig Tower Base
-100.55877	8.53326	-21.8	48	Facility Hub (W)(R 2 (45) R) to Blackmire Temple
-100.68343	8.49261	-24.5	76.7	Facility Hub (W)(L 2 (40) C) to Castle of Baron Nuvillus
-100.55817	8.94999	17.4	32.8	Facility Hub (E)(L 2 (25) R) to Catacombs of the Forgotten
-100.51663	8.78329	57.1	37.7	Facility Hub (E)(L 1 (15) C) to Colier
-100.475	8.61667	46.8	-67.8	Facility Hub (N W) Crumbling Empyrean Mansion
-100.64161	8.95	24.29353	43.22039	Facility Hub (E)(R 2 (20) L) to Dangerous Cave
-100.64167	8.45	-6.6	70.7	Facility Hub (W)(L 2 (40) R) to Dryreach
-100.50647	8.90832	16.9	63.5	Facility Hub (E)(L 2 (25) C C)to Eastham
-100.64167	8.825	29.9	26.3	Facility Hub (E)(R 1 (10) L) to Glendon Wood
-100.55864	8.74153	-27.7431	71.62985	Facility Hub (E)(L 1 (15) L) to Green Mire Grave
-100.55828	8.86667	77.4	-59.8	Facility Hub (E)(L 2 (25) L) to Fledgemaster's Camp
-100.68333	8.78333	-8.8	53.6	Facility Hub (E)(R 1 (10) C) to Folthid Estate
-100.55833	8.825	18.7	1.8	Facility Hub (E)(L 1 (15) R) to Halls of the Helm
-100.64163	8.57496	6.5	43.9	Facility Hub (W)(L 1 (30) R)to Haunted Mansion
-100.64167	8.86667	35.8	33.5	Facility Hub (E)(R 2 (20) R) to Hunter's Leap
-100.68333	8.61667	41.1	57	Facility Hub (W)(L 1 (30) C) to Mite Maze
-100.64167	8.74167	-27.53957	70.58058	Facility Hub (E)(R 1 (10) R) to Mosswart Camp
-100.51607	8.92019	-25.3	19.4	Facility Hub (E)(L 2 (25) C R) to Mosswart Maze
-100.64167	8.61667	-29.8	93.9	Facility Hub (W)(L 1 (30) L) to Mountain Sewer
-100.55833	8.65833	32.3	66.3	Facility Hub (W)(R 1 (35) R) to Skeleton Fort
-100.55833	8.575	16.5	3.9	Facility Hub (W)(R 1 (35) L) to Suntik Village
-100.48221	8.65125	43.7	-68.4	Facility Hub (N W) The Dark Lair
-100.68333	8.90833	13.6	50.7	Facility Hub (E)(R 2 (20) C) to Trothyr's Rest
-100.43333	8.7	-9.1	73	Facility Hub (N N) to Tumerok Camps
-100.55136	8.81795	-3.2	95	Facility Hub (N E) Tusker Abode
-100.48195	8.74871	2	97.9	Facility Hub (N E) Tusker Burrow
-100.55182	8.75287	-0.4	97.3	Facility Hub (N E) Tusker Cave
-100.55833	8.78333	1.1	96.9	Facility Hub (N E) Tusker Cavern
-100.51667	8.825	-0.5	95.9	Facility Hub (N E) Tusker Habitat
-100.51667	8.74167	-0.2	98	Facility Hub (N E) Tusker Lodge
-100.48162	8.81352	-2.3	95.6	Facility Hub (N E) Tusker Quarters
-52.8	67.3	-52.3	67.9	South Osteth Peak Portal
47.1	-90.2	-96.68392	-101.65892	Town Network Portal(Ahurenga)
-31.2	13.9	-99.1	8.7	Town Network Portal(Al-Arqas)
7.4	4.8	-99.1	8.7	Town Network Portal(Al-Jalima)
33.5	56.8	-99.1	8.7	Town Network Portal(Arwic)
-59.8	-87.9	-99.1	8.7	Town Network Portal(Ayan Baqur)
-49.4	62.5	-99.1	8.7	Town Network Portal(Baishi)
39.4	-75.4	-96.68392	-101.65892	Town Network Portal(Bluespire)
-87.6795	-67.07218	-96.68392	-101.65892	Town Network Portal(Candeth Keep)
25.6	49.2	-99.1	8.7	Town Network Portal(Cragstone)
23.4	-28.6	-96.68392	-101.65892	Town Network Portal(Danby's Outpost)
-7.9	73	-99.1	8.7	Town Network Portal(Dryreach)
17.7	63.4	-99.1	8.7	Town Network Portal(Eastham)
90.4	-43.2	-96.68392	-101.65892	Town Network Portal(Eastwatch)
95.7	-56.8	-96.68392	-101.65892	Town Network Portal(Fiun Outpost)
1.6	-71.8	-99.1	8.7	Town Network Portal(Fort Tethana)
-74	92.2	-99.1	8.7	Town Network Portal(MacNiall's Freehold)
29.7	27.4	-99.1	8.7	Town Network Portal(Glenden Wood)
43.1	-66.7	-96.68392	-101.65892	Town Network Portal(Greenspire)
-39.2	83.1	-99.1	8.7	Town Network Portal(Hebian-to)
42.28172	33.30997	-99.1	8.7	Town Network Portal(Holtburg)
-83.3	7.1	-99.1	8.7	Town Network Portal(Kara)
-47.6	24.7	-99.1	8.7	Town Network Portal(Khayyaban)
-74.3	84.4	-99.1	8.7	Town Network Portal(Kryst)
-54.5	73.2	-99.1	8.7	Town Network Portal(Lin)
-77.6	28.1	-96.68392	-101.65892	Town Network Portal(Linvak Tukal)
0.7	51.4	-99.1	8.7	Town Network Portal(Lytelthorpe)
-61.8	82.1	-99.1	8.7	Town Network Portal(Mayoi)
-52.7	82.3	-99.1	8.7	Town Network Portal(Nanto)
69.9	17.6	-96.68392	-101.65892	Town Network Portal(Neydisa Castle)
2.31399	95.45557	-96.68392	-101.65892	Town Network Portal(Oolutanga's Refuge)
44.2	-43.5	-99.1	8.7	Town Network Portal(Plateau Village)
-74.3	19.2	-99.1	8.7	Town Network Portal(Qalaba'r)
40.7	-83.2	-96.68392	-101.65892	Town Network Portal(Redspire)
10.5	58.3	-99.1	8.7	Town Network Portal(Rithwic)
-2.92809	19.43513	-96.64167	-101.7	Town Network Portal(Samsur)
72	-61.3	-96.68392	-101.65892	Town Network Portal(Sanamar)
-28.7	59.4	-99.1	8.7	Town Network Portal(Sawato)
-33.6	72.7	-99.1	8.7	Town Network Portal(Shoushi)
87.3	-70.6	-96.68392	-101.65892	Town Network Portal(Silyun)
68.7	-21.7	-99.1	8.7	Town Network Portal(Stonehold)
44.1	-78	-96.68392	-101.65892	Town Network Portal(Timaru)
-30.3	94.7	-99.1	8.7	Town Network Portal(Tou-Tou)
-14.9	5.8	-99.1	8.7	Town Network Portal(Tufa)
-25.1	28.2	-99.1	8.7	Town Network Portal(Uziz)
-62.1	-51.3	-99.1	8.7	Town Network Portal(Wai Jhou)
72.8	-73.3	-96.68392	-101.65892	Town Network Portal(Westwatch)
-41.9	15.8	-99.1	8.7	Town Network Portal(Xarabydun)
-12.1	42.6	-99.1	8.7	Town Network Portal(Yanshi)
-21.50505	-1.52084	-96.64167	-101.7	Town Network Portal(Yaraq)
13.6	0.6	-99.1	8.7	Town Network Portal(Zaikhal)
-96.9331	-101.7258	46.1	-89.8	Town Network (S R 3) to Ahurenga
-96.70975	-101.82524	-31.29924	13.21605	Town Network (W L 2) to Al-Arqas
-96.6	-101.93336	7.2	5	Town Network (W R 5) to Al-Jalima
-96.51665	-101.5881	33.3	56.6	Town Network (N R 1) to Arwic
-96.71016	-101.45011	-49.3	62.9	Town Network (E R 3) to Baishi
-97.0852	-101.69992	44.2	-78.5	Town Network (S R 7) to Base of the Timaru Plateau
-96.85006	-101.72708	39.5	-75.3	Town Network (S R 1) to Bluespire
-96.47504	-101.72735	26	48.4	Town Network (N L 2) to Cragstone
-97.01667	-101.58992	23.2	-29.9	Town Network (S L 5) to Danby's Outpost
-96.39167	-101.58994	-8.1	73	Town Network (N R 4) to Dryreach
-96.43346	-101.58962	16.9	65.3	Town Network (N R 3) to Eastham
-97.05856	-101.58953	90.3	-43.3	Town Network (S L 6) to Eastwatch
-96.76665	-101.72686	-100.72468	8.69433	Town Network (S R) to Facility Hub
-97.05841	-101.72583	95.9	-56.8	Town Network (S R 6) to Fiun Outpost
-96.36484	-101.65838	1.7	-71.2	Town Network (N C) to Fort Tethana
-96.68353	-101.33931	-73	92	Town Network (E R 6) to Freehold (MacNiall's Freehold)
-96.39167	-101.72708	29.7	26.5	Town Network (N L 4) to Glenden Wood
-96.89144	-101.7269	43.2	-66.8	Town Network (S R 2) to Greenspire
-96.57343	-101.40833	-38.9	82.6	Town Network (E L 4) to Hebian-to
-96.51647	-101.72539	42.1	33.6	Town Network (N L 1) to Holtburg
-96.57415	-101.36648	-83.5	47.6	Town Network (E L 5) to Kara
-96.71018	-101.86674	-47.4	25.5	Town Network (W L 3)to Khayyaban
-96.59985	-101.33949	-74.6	84.2	Town Network (E L 6) to Kryst
-96.57263	-101.45	-53.9	74.3	Town Network (E L 3) to Lin
-96.97496	-101.59065	-77.8	28	Town Network (S L 4) to Linvak Tukal
-96.43333	-101.72748	1.1	51.7	Town Network (N L 3) to Lytelthorpe
-96.76659	-101.59113	-15.68306	-100.94497	Town Network (S L) to Marketplace
-96.57237	-101.49167	-61.9	82.5	Town Network (E L 2) to Mayoi
-96.70835	-101.49174	-82.2	82.5	Town Network (E R 2) to Nanto
-96.97492	-101.72478	69.5	17.9	Town Network (S R 4) to Neydisa Castle
-97.08451	-101.6167	2.3	95.5	Town Network (S L 7) to Oolutanga's Refuge
-96.36451	-101.7	44.5	-43.1	Town Network (N L 5) to Plateau Village
-96.57375	-101.82495	-74.6	19.6	Town Network (W R 2) to Qalaba'r
-96.89182	-101.58911	40.6	-83	Town Network (S L 2) to Redspire
-96.475	-101.59066	10.8	59.3	Town Network (N R 2) to Rithwic
-96.57333	-101.78347	-3.2	19	Town Network (W R 1) to Samsur
-96.85015	-101.5909	72.1	-60.9	Town Network (S L 1) to Sanamar
-96.70983	-101.36693	-29.1	58.9	Town Network (E R 5) to Sawato
-96.57344	-101.53333	-33.5	72.8	Town Network (E L 1) to Shoushi
-97.01655	-101.72667	87.3	-70.8	Town Network (S R 5) to Silyun
-96.36395	-101.61692	68.7	-21.8	Town Network (N R 5) to Stonehold
-96.7096	-101.53342	-30.3	94.7	Town Network (E R 1) to Tou-Tou
-96.68333	-101.93296	-14.8	6.1	Town Network (W L 5) to Tufa
-96.71055	-101.9089	-24.8	28.4	Town Network (W L 4) to Uziz
-96.93314	-101.59051	72.8	-73.4	Town Network (S L 3) to Westwatch
-96.57442	-101.86637	-41.9	16.1	Town Network (W R 3) to Xarabydun
-96.70982	-101.40855	-12.6	42.4	Town Network (E R 4) to Yanshi
-96.70908	-101.78335	-21.51417	-1.81708	Town Network (W L 1) to Yaraq
-96.57422	-101.90859	13.5	0.7	Town Network (W R 4) to Zaikhal
-100.51667	8.78333	-0.4	90.8	Facility Hub (N E) Tusker Barracks
